Name,Qty,Price Per Unit,Total Price,Link,Notes,,,,,,
2080 2400mm TOTAL,1,70,70,https://www.amazon.com/IXGNIJ-2080-Aluminum-Extrusion-European/dp/B0FG79HNWG?dib=eyJ2IjoiMSJ9.yd10_GijaksukPe-XV0svL7_sbbR0esj4m9XNOr4nKS34hFHiCPBV6zocarTPBNUvM_OFCWTxt5NakvQGTRbFehIM3OyYPnalcjC9T2T7faPT8-VCr6OQct5X9vI3_fsxIZzNvAuqkHF_5y8mFzOy3zWbTkE9fKOPnVIHUiubCKwrlVAMw7LsbCwf1acNvLJZGdASS3wY6hxoUoNMsAEl9u7Ti6NgM7xODiCXOMEyEk.tlMXeJc23AtXaI77exbjGax7GMT-0I_QGF4y7r4DBds&dib_tag=se&keywords=2080%2Bextrusion&qid=1780037147&sr=8-2&th=1,"T-slot type B (i think), taps to M6",,,,,FINAL TOTAL,1217.5
2040 ~3600 total,1,70,70,https://www.amazon.com/Aluminum-Extrusion-European-Standard-27-56inch/dp/B08PQRXFRF?crid=2ZM8A4JZDJLB5&dib=eyJ2IjoiMSJ9.t9tHYy4Cyy9ggsKZF7jz5rg1XY1aY78YXqFVgKxgyZXXj-6KgdStAb0dTxpU4FmxdSVw8-ySbUTQ95W3xSVqk9HkUHC_fQaO0k8wHTRZqJQxRDA0lAuccakpL_kpLXNMopMxuMv307Ydopsvsi-z0PFrJb4P7JRbiZi6p-fKC8Cv5N6c03pZl7ntxhlhuakGujlxz42vO3gHLdUgxx5VLA0x1Xl5Qe3ezS67KN6RUpI.xk8iD-uWk7-nZGyUoum8fsnPHgj27inG0WEvRtWKNfQ&dib_tag=se&keywords=2040%2Bextrusion%2B750mm%2Bt-slot&qid=1780039353&sprefix=2040%2Bextrusion%2B750mm%2Bt-slot%2Caps%2C109&sr=8-15&th=1,Seems to be same as one above,,,,,with tax,1314.9
SFU1605 600mm,2,52,104,https://www.amazon.com/ANWOK-SFU1605-600mm-Deflector-Housing-Supports/dp/B09BQSPDD4?crid=XLE20JAXJEVA&dib=eyJ2IjoiMSJ9.U6jzr0gkE0rwAopAdZPNwWSxvwZ8zSj2lpJI_3Iyve2-z79mvZBqydBHJY_n1DtZ8mLL3WDDZtRpmoB4LVnXxuYmvGoq1ZXNMh5-4m66QragD3VigzJFq-RMoOBUS7m32BJJAbQUr04bBCDAvSyJaqRj3Lt-0i7piEft6AmtaVcDfU1PB3MKuV6lnQe1N8S-w4ohHLkeIxeQTQXM_qACmzZOBXlv1N8RtOimHbIdMKc.RXGvfCEIvVvMHmf3SoGDwG_zH_-y_xWWf0IhOAyFG8A&dib_tag=se&keywords=sfu1605%2B600mm&qid=1780040470&sprefix=sfu1605%2B600mm%2Caps%2C122&sr=8-3&th=1,"inludes blocks, nut, housing, and a 6.35x10 coupler",,,,,,
SFU1605 750mm,1,44,44,https://www.amazon.com/ANWOK-SFU1605-600mm-Deflector-Housing-Supports/dp/B09BQVCK41?crid=XLE20JAXJEVA&dib=eyJ2IjoiMSJ9.U6jzr0gkE0rwAopAdZPNwWSxvwZ8zSj2lpJI_3Iyve2-z79mvZBqydBHJY_n1DtZ8mLL3WDDZtRpmoB4LVnXxuYmvGoq1ZXNMh5-4m66QragD3VigzJFq-RMoOBUS7m32BJJAbQUr04bBCDAvSyJaqRj3Lt-0i7piEft6AmtaVcDfU1PB3MKuV6lnQe1N8S-w4ohHLkeIxeQTQXM_qACmzZOBXlv1N8RtOimHbIdMKc.RXGvfCEIvVvMHmf3SoGDwG_zH_-y_xWWf0IhOAyFG8A&dib_tag=se&keywords=sfu1605%2B600mm&qid=1780040470&sprefix=sfu1605%2B600mm%2Caps%2C122&sr=8-3&th=1,,,,,,,
SFU1204 250mm,1,30,30,https://www.amazon.com/ANWOK-SFU1605-600mm-Deflector-Housing-Supports/dp/B09BR2MJ34?crid=XLE20JAXJEVA&dib=eyJ2IjoiMSJ9.U6jzr0gkE0rwAopAdZPNwWSxvwZ8zSj2lpJI_3Iyve2-z79mvZBqydBHJY_n1DtZ8mLL3WDDZtRpmoB4LVnXxuYmvGoq1ZXNMh5-4m66QragD3VigzJFq-RMoOBUS7m32BJJAbQUr04bBCDAvSyJaqRj3Lt-0i7piEft6AmtaVcDfU1PB3MKuV6lnQe1N8S-w4ohHLkeIxeQTQXM_qACmzZOBXlv1N8RtOimHbIdMKc.RXGvfCEIvVvMHmf3SoGDwG_zH_-y_xWWf0IhOAyFG8A&dib_tag=se&keywords=sfu1605%2B600mm&qid=1780040470&sprefix=sfu1605%2B600mm%2Caps%2C122&sr=8-3&th=1,,,,,,,
MGN12 600mm,2,42,84,https://www.amazon.com/ReliaBot-Linear-Carriage-Printer-Machine/dp/B08TBG3P83?crid=2JJWYFY71I9L8&dib=eyJ2IjoiMSJ9.Z0eT2mRH1BqKhSK3F3qobYMUHfqQ0ouT8y1mvcz3lYbJwi-3VTIoM6tgKquAadJUtTnHBZlSSTUwxuEJthDC1r8WSjobtTeLfXxCDqgSgDL5ycisSvouwtnxHkktma7UOfRUXZrV9-SdrmOb_8K9sY883HtCa0Z6PkvejXTx3GOw8RlAHZcaMOdAmmNyHHBseB_YPS3nEqclcU2Qq1VxdT_Y7YmRWkReEb-EwhUEIkY.Wsxz45Dw_Zbk0hiQXp6JKTlZ6VUslllnr_tL8fFunMk&dib_tag=se&keywords=mgn12%2Blinear%2Brail%2B600mm&qid=1780040969&sprefix=mgn12%2Blinear%2Brail%2B600mm%2Caps%2C129&sr=8-3&th=1,comes with 2 extra blocks,,,,,,
MGN12 700mm,2,50,100,https://www.amazon.com/Iverntech-Linear-MGN12H-Carriage-Printer/dp/B086QKQSL2?crid=3MTF4MBPWFO4O&dib=eyJ2IjoiMSJ9.5nAfS-bySuIVMIBeEYx8DEJ13Bd718yBrvOO7gzcdKAxYAXM4PY-282p8hW54DoA---hK7dnuzZZWOIa01aefKHcdNwfrTeRLxWdvPvZ6vxGo6RDPha5MIunJWhW_1_y6KdZorB_wHgP26TWWxqGUo9axJNAvoejvTKWJe4QS6X-jQrTrCza2fRASUkbr9aIOWGbtq5EkfFl3FhGCYgveUFvLRf7dAOIv4I4HeFMyfA.8JufD797dDhv3cjCur0JBBL-Oogwcud-QDaN30dZ-Dw&dib_tag=se&keywords=mgn12%2Blinear%2Brail%2B700mm&qid=1780041417&sprefix=mgn12%2Blinear%2Brail%2B700mm%2Caps%2C124&sr=8-3&th=1,comes with 2 extra blocks,,,,,,
MGN12 250mm,2,28,56,https://www.amazon.com/ReliaBot-Linear-Carriage-Printer-Machine/dp/B0BHT4HK1G?crid=2JJWYFY71I9L8&dib=eyJ2IjoiMSJ9.Z0eT2mRH1BqKhSK3F3qobYMUHfqQ0ouT8y1mvcz3lYbJwi-3VTIoM6tgKquAadJUtTnHBZlSSTUwxuEJthDC1r8WSjobtTeLfXxCDqgSgDL5ycisSvouwtnxHkktma7UOfRUXZrV9-SdrmOb_8K9sY883HtCa0Z6PkvejXTx3GOw8RlAHZcaMOdAmmNyHHBseB_YPS3nEqclcU2Qq1VxdT_Y7YmRWkReEb-EwhUEIkY.Wsxz45Dw_Zbk0hiQXp6JKTlZ6VUslllnr_tL8fFunMk&dib_tag=se&keywords=mgn12%2Blinear%2Brail%2B600mm&qid=1780040969&sprefix=mgn12%2Blinear%2Brail%2B600mm%2Caps%2C129&sr=8-3&th=1,"comes with 2 extra blocks, 240 not 250",,,,,,
D20-L25 8mm-10mm Jaw Coupling,2,12,24,https://www.amazon.com/Yeebyee-Aluminium-Flexible-Coupling-Connector/dp/B0BGLG17HL?crid=3BBUULL14M27F&dib=eyJ2IjoiMSJ9.zVh5FEryk9EttY9Aa7Gmg86TbHUxWGItGErVzZHc9plgypVbnor50loW73z6ZbGH84RdKT9_Et5sH155NtMKtN7h_xJS8YyfnNPIppTtG9y-3t5QT-H1eaxlRaFaYLp_vo4JhjTRQ-nmu8CSKh2Cm1DJWFq2br8HAAsz4TN1lK4onZtbfAfGSwwQRl9Bo4XaIIK3r5orH74gxNKtdMaRmMeME-rcF8przBlcfq3Tj1Q.0Yr3MSoiQDrLpnAKlKGXQWsJ3MkcgEbd8CAIoGZ4fJU&dib_tag=se&keywords=8mm%2B-%2B10mm%2BFlexible%2BJaw%2BCoupling%2BD20L25&qid=1782956752&sprefix=8mm%2B-%2B10mm%2Bflexible%2Bjaw%2Bcoupling%2Bd20l25%2Caps%2C117&sr=8-3&th=1,pack of 2,,,,,,
D20-L25 8mm-8mm Jaw Coupling,1,12,12,https://www.amazon.com/Yeebyee-Aluminium-Flexible-Coupling-Connector/dp/B0BGLF3QH9?crid=3BBUULL14M27F&dib=eyJ2IjoiMSJ9.zVh5FEryk9EttY9Aa7Gmg86TbHUxWGItGErVzZHc9plgypVbnor50loW73z6ZbGH84RdKT9_Et5sH155NtMKtN7h_xJS8YyfnNPIppTtG9y-3t5QT-H1eaxlRaFaYLp_vo4JhjTRQ-nmu8CSKh2Cm1DJWFq2br8HAAsz4TN1lK4onZtbfAfGSwwQRl9Bo4XaIIK3r5orH74gxNKtdMaRmMeME-rcF8przBlcfq3Tj1Q.0Yr3MSoiQDrLpnAKlKGXQWsJ3MkcgEbd8CAIoGZ4fJU&dib_tag=se&keywords=8mm%2B-%2B10mm%2BFlexible%2BJaw%2BCoupling%2BD20L25&qid=1782956752&sprefix=8mm%2B-%2B10mm%2Bflexible%2Bjaw%2Bcoupling%2Bd20l25%2Caps%2C117&sr=8-3&th=1,pack of 2,,,,,,
M3x8mm ,1,6.96,6.96,https://www.amazon.com/200Pcs-Socket-Screws-Threaded-Spanner/dp/B0F5Q6YYWM?crid=3C23ZAJ2S3XYV&dib=eyJ2IjoiMSJ9.qy6Sk5EKMUheJnooPXMvAaPZ_BzWBXyvCiGczaJT3eyH7AEeydGlUrOYb9Ll45lh4jYfiepGgFdUQ9ulbOS6wdO42NrwecBX0rP7XUr228l4CyXJyrYl-m4gBKN65wytbgRqvuXR38nwPrxd_LYKntNVHIPVBqBAdA_T8CpnMs2148yfe1tlT5AmbmE4bmsPt-PDK4LvHN9T8FXpppxHSQYNda-FtgJrYuAOWDR1gWs.zYaEQRtEcaMCG4I1ogflXkmcbaeno0bsr9Nm8YB6fuE&dib_tag=se&keywords=m3x8&qid=1782246851&sprefix=m3x8%2Caps%2C284&sr=8-6&th=1,200pcs,,,,,,
M3x10mm,1,6.96,6.96,https://www.amazon.com/dp/B0F5Q6K2L3?th=1,185pcs,,,,,,
M3 T-slot Nuts,1,8.49,8.49,https://www.amazon.com/LifCratms-Sliding-Aluminum-Extrusion-Profile/dp/B0BHN4CV6Z?crid=3QWW1E2O4G8RH&dib=eyJ2IjoiMSJ9.uKnFmXATkhGm_u9pbT5kXknll36uBPcvAxoTtiRBUCH92uuuX1H4LfkqzBCi7uvDkvNrj3b6FIBSIR5j4Zd6eruBtYuGjjBe1iiEXUmTf1YDh9vuZv3wcW3UypEEu1Vi79c6qvOA_lb_APCLXntTi46D_75s7tnhrWmZGqbhFjtUFJ845MxJ3GAMXViXG_PO3z8qhEQpqAHCg5Qat4HgQ1T2BZIPQaeUaUUrvl2tYSmqyvF9Wrung27cJoMKOeYnUIY0dFbz80-OubBOLBxDaPYPcr1Au4Q9TJ7SeDrksRY.MKseVYgbQJ61cgNsI3_jUr0gQMx4CEREKgEvarRQwGU&dib_tag=se&keywords=t-slot%2Bnuts%2Bm3&qid=1782247344&s=industrial&sprefix=t-slot%2Bnuts%2Bm%2Cindustrial%2C308&sr=1-6&th=1,may need 2,,,,,,
M5x12mm,1,6.5,6.5,https://www.amazon.com/SVLING-M5-0-8-100PCS-Threads-Spanner/dp/B0GHN7BZ19?crid=14249Z3F8OG9E&dib=eyJ2IjoiMSJ9.tM8B2IxcHH2cINFrTGvRAsyxmiIYNr6w4hvUL5xfh78oYM5aw7RLZTLkKMs_vPUnorJg86E8pLmTYeHn375wd_euFIGY7QFLmbpKqvZAYjKO_qxdpZTocTKW5VsVbUPHYQZdiZc8m7o7-J7GMVujjaKBbCk7jHayHufwGsGfdbcbXO-AK7gQMcoA2Ri3MTfnZRfUIFdR3zpjTfamtHuIHProTdMcHaKCsHDLoy9j9b5cSG2liG72TfUfvEqoR9Xrjt6lKmuLqnLMZio4Zi-2YGQ6O3YvKy4vutnrcWOLLgQ.gltvoj5KVgn1t2TOL4RDZtQWz3D0PGvEAnslZ7TjpEs&dib_tag=se&keywords=m5%2B16mm&qid=1782248075&s=industrial&sprefix=m5%2B16mm%2Cindustrial%2C116&sr=1-9&th=1,100pcs,,,,,,
M5x16mm,1,6.84,6.84,https://www.amazon.com/SVLING-M5-0-8-100PCS-Threads-Spanner/dp/B0GHN5GF8P?crid=14249Z3F8OG9E&dib=eyJ2IjoiMSJ9.tM8B2IxcHH2cINFrTGvRAsyxmiIYNr6w4hvUL5xfh78oYM5aw7RLZTLkKMs_vPUnorJg86E8pLmTYeHn375wd_euFIGY7QFLmbpKqvZAYjKO_qxdpZTocTKW5VsVbUPHYQZdiZc8m7o7-J7GMVujjaKBbCk7jHayHufwGsGfdbcbXO-AK7gQMcoA2Ri3MTfnZRfUIFdR3zpjTfamtHuIHProTdMcHaKCsHDLoy9j9b5cSG2liG72TfUfvEqoR9Xrjt6lKmuLqnLMZio4Zi-2YGQ6O3YvKy4vutnrcWOLLgQ.gltvoj5KVgn1t2TOL4RDZtQWz3D0PGvEAnslZ7TjpEs&dib_tag=se&keywords=m5%2B16mm&qid=1782248075&s=industrial&sprefix=m5%2B16mm%2Cindustrial%2C116&sr=1-9&th=1,100pcs,,,,,,
M5x16mm LP,1,6.99,6.99,https://www.amazon.com/Metric-Socket-Screws-Stainless-Machine/dp/B0G19BTD8N?crid=341YP8SS24TQD&dib=eyJ2IjoiMSJ9.d5T92tf7l-Adqb2jbEzjbYhHPSb6u2d3E1bfPZH37lw7Zd_XQZkpe0ZnhuZavng5z_rgGQbZrRd1pqMAi7rQ9FMjF5Tgq8SaluQq0qZzZwjVmpQFJmFdKVtkzGxEiWcaNoZbv4CuHOH7LyxibDcA6H0K_BjTrSfi2G1GN6dKmkT__DRRJfzoSAGyhfAi6qE7oyEr3BoytvZQmtzLUk8Wk3lU9utrizRQQ2CGtz9HdgEi2Gt0u9L0t0jBGDH5qNxAN5KmPzOkLnnLoge_AXONPGQ6O3YvKy4vutnrcWOLLgQ.oheqbUsx5TQGTZSLFR_B_udmYiIvPW2qjbyJox7zZ-A&dib_tag=se&keywords=m5x16mm&qid=1782249186&s=industrial&sprefix=m5x16mm%2Cindustrial%2C115&sr=1-3&th=1,25pcs,,,,,,
M5x35mm,1,10.19,10.19,https://www.amazon.com/BNUOK-Socket-Washers-Threads-Spanner/dp/B0F99J8S1F?crid=35FQKFLFGM7NZ&dib=eyJ2IjoiMSJ9.uRYcPPbQ-3xBThro3ejVqrUaO3pW5MgUvyAonJFQDN5a209A59uEKHdfx5wrxUIFy-X3cwOc0MIcWVXdSyGi_OkZTXO3R8uMBz39YH67iFPkugVpJZgLPJkEJduaz8Gmre5d2frcQ0O3wN7lYSKy9greJCimbHDePt93tLbouDuEqeACYfk6a6up_6PYYpLxue5lfEE1ezLaMzX_31xEqFYAeCLIY7YPuHCrSvTmUdd5-k_A_UJpoq9CljZeWd2HRAZuAXmTGaKU8VhxAxOPnqYup9dHkgDXCfuGtSdhd_I.-6thaQH5ew4Nb306BPlLTPugqWfMNtBadEf6pMlFuIc&dib_tag=se&keywords=m5x35&qid=1782248592&s=industrial&sprefix=m5x35%2Cindustrial%2C115&sr=1-8&th=1,"60pcs, comes with nuts",,,,,,
M5x45mm,1,6.39,6.39,https://www.amazon.com/SVLING-M5-0-8-Socket-Threads-Spanner/dp/B0GHN852F3?crid=2IBW57HOFOJ6P&dib=eyJ2IjoiMSJ9.STDoBegjNSsXip1lZUnRasPoSqQjt6VUebBRWTuKBQFy7rr26yLRg1QTQx1q1-PXkVYxw56sQ-hm-TmktKex1QwHqqDwbpdxjboQIpBPMouQ0_Q6xb-Yw5lFM5kOPRs8ClTD44nYf1BYrJKzagZ8EANESLbFWhFjxQTNbCtL7HrdmBjhw1ELK2ruW5M90T05WwalKRkD0APEtnN9H9-xoQrxzPcOfTjYMOlUHooAN3LCM1R_SFPLvbOeUjRt-b-0uCiaOFzYRa5zLqTsVCw2AZ7snZ3RdkCG6ZTY3y3uF_A.QMYQuHZsYBUN4LeJZL913LBSJ4ru64tm_uoy0xL-gBI&dib_tag=se&keywords=m5x45&qid=1782248715&s=industrial&sprefix=m5x45%2Cindustrial%2C115&sr=1-6&th=1,40pcs,,,,,,
M5 Nuts,,,0,,covered in M5 35mm kit,,,,,,
M5 T-Slot Nuts,1,6.99,6.99,https://www.amazon.com/JCSPBYL-Sliding-Hammer-Aluminum-Profiles/dp/B0BK75LJNF?crid=2XBUJQB7UNVDS&dib=eyJ2IjoiMSJ9.dUdBBUpPyYIDTYHow3WwLYUyLuwu4JHlNkDyaXe--glXSKsFX3hMXMpMjEdWPh4LuEi3h7h3OnG-IAoBYBWbvk8THjCL40vxWvFhHXmRWQYfzAvsQK-KOxY-bpFM0151EMfl_8sZn-TCMndg99MJ4d6lD5OBd51jS4FfLqayR7bFtttNDncBS9pzqExkkrFw9CE5_fNtcJjpaF-2RrFJpxBIEHxygIGJqTgKPBoQl1btolNhJZkt8rJ5AgOtJJW6caawB95cgvKeTBGfvpaSLHgyu7Jmqy_VhbTM8-plI2o.qqAQo53QaSIloAZFGboDJSObagFdl9YNrF0DMPu2OSs&dib_tag=se&keywords=m5%2Bt%2Bslot%2Bnuts&qid=1782248794&s=industrial&sprefix=m5%2Bt%2Bslot%2Bnut%2Cindustrial%2C120&sr=1-4&th=1,100pcs,,,,,,
M6x20mm,1,7.59,7.59,https://www.amazon.com/SVLING-M6-1-0-Socket-Threads-Spanner/dp/B0FX3Y5Z4T?crid=1TCPO47Q81XIF&dib=eyJ2IjoiMSJ9.DAXk9zFuv45XVl7K5GXVwHfhTQroEj1ovFRZshqN3j9c7lqw0TVUqN8mDAOh6VmEGEfJL0kd0lbGxYeXJ-gg7TZpYw1ZcsT6IDgwG0xia1UnKKxKNWsmPrKUVu6gibWVO-uBsF-8jJJA_ObjIA_h1MK4vVGoIuyX6_MA23Kc0WZYmYX7sPLJeqfx2EM-nuMbHWl-mQMAIV1cYU-D2Lzo2WRh-PJQmeHttsVLfoN5xgWTBtYoAdi0cDuFsQgRFM5Hx-szZiQg24R6u9fTJ6yRLJdiDrm28P8dI39_yDBO8IM.aG7xsVy2GWvFZvcdFeuScNa66m7w8NnEIyHcivoknvg&dib_tag=se&keywords=m6x20&qid=1782249124&s=industrial&sprefix=m6x20%2Cindustrial%2C132&sr=1-26&th=1,60pcs,,,,,,
M6 40mm Standoff,2,7.69,15.38,https://www.amazon.com/Long-Sleeve-Standoff-Threaded-Fasteners/dp/B081F8H5QJ?crid=44ODECC1L6NI&dib=eyJ2IjoiMSJ9.HiyPXB9Vj4cEW7_zjeudPG_AT6jeMvUAECP4w-aYWGHjEJ5POVRWpJQCqUcyNsziUgwK5_NRTdAMyzG3VbzMAJWYhLJqnNBJGjpv8PAjKM5bVZjeTCtDTv-Hz8HhWrY_yRy0cd5J2xApDxJNtF_d43OJscoR781O0zkQJrpncJ8pcvbPxu_H-saUyI2xeB4ln6rTEuuKhWBWErTYCxOEv5r7KI4gbuqwRYgwy0u-T9V9f1SRidyAA9i8ZQBOuD6EvED3vizG97Mu2AO3puNsVyoQzMNjerXmJzn9t9huBVA.auZQv3ElR5DQ2u0hcSPmQMOMJkEmn0rn0VXZFHLX2lw&dib_tag=se&keywords=m6+threaded+spacer+40mm&qid=1782249363&s=industrial&sprefix=m6+threaded+spacer+40mm%2Cindustrial%2C125&sr=1-2,5pcs each,,,,,,
M5 25mm Standoff,1,8.99,8.99,https://www.amazon.com/uxcell-Connector-Stainless-Coupling-M5x25x8mm/dp/B0CXHH9BRF?crid=7UEVQ3994SJJ&dib=eyJ2IjoiMSJ9.IH7uSFmw10ncb1f0kDwoEGq5ckVlxbYaxCJcBRYpnloHP6UpCneD3BNAZnfsXRP8UfIMevM8RYJsE_MQCebaqfyi8LM-jCmnva7Xmw2tm4-N0YEPXFFheha91NdMfBQNV0UXNFxWHmbi_KRgCG6FhHmNyy0bqaYW8UWpaL9R5PFwJVhLnFBC2F-vCNfrbqlEjcds4hOSS654jpxAq1CzVD6l7U-GijFHNmqba82uZuDWCeaDG0yAgmJH93WwdpitIBQgcx1RgOCYEVZcckT1C417hbvUKZ-lfod4OLNK1eQ.vDFU79IpOwhN91SRBpcty6s3MeLn3C27fDV0n090zQQ&dib_tag=se&keywords=m5%2Bthreaded%2Bspacer&qid=1782249478&s=industrial&sprefix=m5%2Bthreaded%2Bspacer%2Cindustrial%2C115&sr=1-3&th=1,10pcs,,,,,,
ER11 Collet Set,1,7.77,7.77,https://www.aliexpress.us/item/3256807260068482.html?spm=a2g0o.productlist.main.5.73787591iG8bvc&algo_pvid=69eef72f-41b7-403d-aac5-bbcec03395d5&algo_exp_id=69eef72f-41b7-403d-aac5-bbcec03395d5-4&pdp_ext_f=%7B%22order%22%3A%2217%22%2C%22eval%22%3A%221%22%2C%22fromPage%22%3A%22search%22%7D&pdp_npi=6%40dis%21USD%2134.22%217.77%21%21%21231.36%2152.52%21%402101e2b617828509658935322e1ce1%2112000041505649441%21sea%21US%210%21ABX%211%210%21n_tag%3A-29910%3Bd%3Afeb89357%3Bm03_new_user%3A-29895%3BpisId%3A5000000209510138&curPageLogUid=VOq0uiV4ufl0&utparam-url=scene%3Asearch%7Cquery_from%3A%7Cx_object_id%3A1005007446383234%7C_p_origin_prod%3A,,,,,,,
aluminum cutter,1,5,5,https://www.aliexpress.us/item/3256808940836368.html?spm=a2g0o.productlist.main.1.3e88xqMlxqMlKc&algo_pvid=3945ccd5-d3b5-43b8-8592-207c17e84be4&algo_exp_id=3945ccd5-d3b5-43b8-8592-207c17e84be4-0&pdp_ext_f=%7B%22order%22%3A%22426%22%2C%22eval%22%3A%221%22%2C%22fromPage%22%3A%22search%22%7D&pdp_npi=6%40dis%21USD%2111.23%210.99%21%21%2175.95%216.73%21%402101ea8c17828513790308327e12d7%2112000048015262087%21sea%21US%210%21ABX%211%210%21n_tag%3A-29910%3Bd%3Afeb89357%3Bm03_new_user%3A-29895%3BpisId%3A5000000207262921&curPageLogUid=XHN2M4vGEglH&utparam-url=scene%3Asearch%7Cquery_from%3A%7Cx_object_id%3A1005009127151120%7C_p_origin_prod%3A,,,,,,,
wood/acrylic cutter,1,6,6,https://www.aliexpress.us/item/3256803836596200.html?spm=a2g0o.productlist.main.13.48caDmvPDmvPoU&algo_pvid=8f1002bd-013e-468a-b4b1-212788b25201&algo_exp_id=8f1002bd-013e-468a-b4b1-212788b25201-12&pdp_ext_f=%7B%22order%22%3A%22481%22%2C%22eval%22%3A%221%22%2C%22fromPage%22%3A%22search%22%7D&pdp_npi=6%40dis%21USD%216.21%210.99%21%21%216.21%210.99%21%402101f54117828516222887141e5b57%2112000057647543435%21sea%21US%210%21ABX%211%210%21n_tag%3A-29910%3Bd%3Afeb89357%3Bm03_new_user%3A-29895%3BpisId%3A5000000207262936&curPageLogUid=DVNjC7utKewG&utparam-url=scene%3Asearch%7Cquery_from%3A%7Cx_object_id%3A1005004022910952%7C_p_origin_prod%3A,,,,,,,
PicoBOB,1,19,19,https://expatria.myshopify.com/en-us/products/picobob,,,,,,,
Mach3 Breakout Board,1,10,10,https://www.amazon.com/Acxico-Interface-Adapter-Breakout-Stepper/dp/B0B2QWHFKD,,,,,,,
Nema23 2.4NM + DM542T,4,35,140,https://www.omc-stepperonline.com/1-axis-stepper-cnc-kit-2-4nm-339-87oz-in-nema-23-stepper-motor-driver-1-dm542t-23hs32,,,,,,,
500w spindle,1,150,150,https://www.amazon.com/RATTMMOTOR-Brushless-12000RPM-Controller-Switching/dp/B09X2Y63XQ?crid=2MT3HOCCD0NSX&dib=eyJ2IjoiMSJ9.80MCbpRdxsYOBfUvA_meG8VHBi0JquH97wu-jC5K8_ogH_gkXgNYHmGB2bncSsyP4bQnw6kUzqqU0_PvE67Pm0WWaXo7h4dj7NtvsBt0NSBjczQKVDzIiZbfmKWIxfq3ONYzUre0ku93fH1xAsabwAH8-jSpqdms9tV1pUKKZopbA1tebcLfDPcSOtR3yqMsk-SwGOP8pRTKMPNkkthpftw75b73i4Xlg3BE0DTDFbcHE6xBJ-lJQzKHaONoo6HVYMJodZLrphZztd7nQY7GTu8YAq3rorF4lq_mSopUnsY.fA4QvYYcb7873B5WuwASA9O1xYc2dv0ohqru6kd39L4&dib_tag=se&keywords=500w+spindle+with+driver&qid=1780259275&sprefix=500w+spindle+with+driver%2Caps%2C161&sr=8-4,make sure the shaft is one thing and not set screwed on,,,,,,
power supply,1,32,32,https://www.amazon.com/Switching-Adapter-Converter-Transformer-Security/dp/B0BLHTC124?crid=B718EN4NA67&dib=eyJ2IjoiMSJ9.jHhVp732dWjelAjf8gTNZc4LBsEaJxJjPK2Gk4rCc-Slq4yopVinFa8zKZccG4lez1VZ0Nr_979KGuf4yM6p8f22uC2zpSzyVXM994wp5z47PI-kXBg8NSGxwX8p8G3mHgf-NPPxnhqi9Q4Lz2B0ijstZcqpJq7DJ6GFqL4-8OAfeDp0CQrex7AO0BdhAspa2RIrGcVK16QkGWSu09Dsn_ipVICaI0x6JTz36MnX0Ho.cO7s6am9CKip5KneMd6DSxgeao6Mo-8SqZK--hnXeME&dib_tag=se&keywords=36v+20a+power+supply&qid=1780077010&sprefix=36v+20a+power+supply%2Caps%2C130&sr=8-3,,,,,,,
Step down converter,1,7,7,https://www.amazon.com/Seloky-Adjustable-Step-Down-Converter-Voltmeter/dp/B0DM946DHG?crid=14FQB9LFP68GE&dib=eyJ2IjoiMSJ9.QcRP0RPhYzPcXMFTk6ylEDkbrrK0zRPS36dG1_RF8gVUHDgbnCXHhJdlBnSUmhmSUDqKZYyGlOaC7Fy4BgdhSKmLvsuz2Jf2JkfWbq6JhYZw_YDAJ97v3E87xacTobs4sPDhJ97m6mwuxDoJMIfwc52Zy6mhBff4u4mPYbjjL17duNSzKLPF3TToUvGUe9h-4V6HzTRZzoWC98c41P-EnsSMyuPLNYCHJLH5IM4KeJ9Canv2USKRO4T2JzH_XUjGNfHOa_3XsmyVMEUcQ8ZA6TiQFcxQA4nWVnXYm8skROg.T-QiV1GpwelMNedYEdqmrcTW5JApUctlcf47gS5waWI&dib_tag=se&keywords=step%2Bdown%2Bconverter&qid=1780078285&s=industrial&sprefix=step%2Bdown%2Bconverter%2Cindustrial%2C159&sr=1-6&th=1,,,,,,,
5A 250 Fuse,1,7,7,https://www.amazon.com/Bumbesti-Low-Voltage-Miniature-Circuit-Breaker/dp/B09WDCHWT8?crid=36189E5QTWS6B&dib=eyJ2IjoiMSJ9.-BT21AJF4VBaBbr_PHsMqT-r5FdXTgf1f_b9ycyTDpxSU3QEHdHWvmRPgDDgXcqVyoBAECB4f0bR46grNgS26afQSE44gG9ywrycJOK3ptnejmyDk_d6KA955b_epmdsmRcl1y_iHHHTJ3cRd4UVD42_j743gOe5oP-OOYrk_3s5nqRAOxOD2BBIVcd6clFnUvjt5mXKV_BkfBHhctPkR29m_jD_LIqz049a-LdYKDHhjdN7eVKBIy41rocVtP_zSS1WdCyK7J54d5WCMahR0K8wyEEneUhMFuAzmscATAI.YCsjpfecCycnCwBvGHrIv-0akIO4kcUNZKkQy2VB7ZI&dib_tag=se&keywords=1a%2B120v%2Bbreaker&qid=1780469187&sprefix=1a%2B120v%2Bbreake%2Caps%2C135&sr=8-5&th=1,,,,,,,
Contactor,1,11,11,https://www.amazon.com/Baomain-Contactor-CJX2-0910-110V-Phase/dp/B01KDR5B6W?crid=1SLQ1CHT1L2EP&dib=eyJ2IjoiMSJ9.4574e9wc4pZtbgiQKucp829nDhE5T48UNwhH-voB5fzK95aFtBvJ7MS9Qlwjeyzm1jYeE5PQ7oziQjtsQmPg413zwaQoSzVUa52EcZfnOHdhzzF_9vxAxjTuTVmWAMVMJRZKRIkEc_s92I_nywepcmiE2nQGptQJrgU_IY7xtCrQnr0GmDs0ANgMkXgFFvz8NK5UMVA13T5vlTxydk0rRwNMnmzWfs8eSWdFTimLN3k.2_Dj8bz4-60kPjmDdfdIzTgqYoBKKuTfmz6oKc8a-So&dib_tag=se&keywords=contactor%2B3%2Bphase&qid=1780469372&sprefix=contactor%2B3phase%2Caps%2C128&sr=8-6&th=1,,,,,,,
Estop,1,4,4,https://www.aliexpress.us/item/3256805247269854.html?gatewayAdapt=glo2usa4itemAdapt,,,,,,,
Stop,1,4,4,https://www.aliexpress.us/item/3256805220684540.html?gatewayAdapt=glo2usa4itemAdapt,,,,,,,
Start,1,4,4,https://www.aliexpress.us/item/3256805220684540.html?gatewayAdapt=glo2usa4itemAdapt,,,,,,,
Frame Motor Plate Left,1/4in Steel,JLCCNC,7.94,,6mm sheet metal,,,,,,
Frame Motor Plate Right,1/4in Steel,JLCCNC,7.94,,6mm sheet metal,,,,,,
Frame Bearing Plate Left,1/4in Steel,JLCCNC,5.67,,6mm sheet metal,,,,,,
Frame Bearing Plate Right,1/4in Steel,JLCCNC,5.67,,6mm sheet metal,,,,,,
Frame Back Plate Left,1/4in Steel,JLCCNC,7.63,,6mm sheet metal,,,,,,
Frame Back Plate Right,1/4in Steel,JLCCNC,7.63,,6mm sheet metal,,,,,,
Gantry Plate Left,1/4in Steel,JLCCNC,11.4,,6mm sheet metal,,,,,,
Gantry Plate Right,1/4in Steel,JLCCNC,11.4,,6mm sheet metal,,,,,,
Gantry Back Plate,1/4in Aluminum,JLCCNC,20.68,,6mm sheet metal,,,,,,
Z-Axis Carriage Plate,1/4in Steel,JLCCNC,7.95,,6mm sheet metal,,,,,,
Z-Axis Motor Plate,1/4in Steel,JLCCNC,6.37,,6mm sheet metal,,,,,,
Z-Axis Bearing Plate,1/4in Steel,JLCCNC,5.75,,6mm sheet metal,,,,,,
Z-Axis Back Plate,1/4in Steel,JLCCNC,12.43,,6mm sheet metal,,,,,,